title,price,rating,reviews,availability
Apple iPhone 11 Pro Leather Folio - Peacock,,4.3 out of 5 stars,24 ratings,In Stock
Apple iPhone 11 Pro Max Leather Folio - Raspberry,,4.2 out of 5 stars,45 ratings,In Stock
Apple iPhone 11 Pro Max Clear Case,,4.6 out of 5 stars,"17,583 ratings",In Stock
Apple iPhone 14 Clear Case with MagSafe ​​​​​​​,,4.5 out of 5 stars,280 ratings,In Stock
"Apple iPhone SE 2020 (64GB, 3GB) 4.7"" Retina IPS LCD, A13 Bionic, IP67 Water Resistant, Black - Fully Unlocked A2275 (Renewed)",,4.3 out of 5 stars,"2,968 ratings",In Stock.
"Apple iPhone 12, 64GB, Blue - Fully Unlocked (Renewed)",,4.2 out of 5 stars,"5,422 ratings",Only 2 left in stock.
"Apple iPhone 12 Mini, 64GB, Red - Fully Unlocked (Renewed)",,4.2 out of 5 stars,"4,508 ratings",Only 1 left in stock.
"Apple iPhone 8, 64GB, Silver (Renewed)",,4.3 out of 5 stars,"4,260 ratings",Only 4 left in stock.
"Apple iPhone 11, US Version, 64GB, Black - Unlocked (Renewed)",,4.3 out of 5 stars,"7,838 ratings",In Stock.
"Apple iPhone 8 64 GB, Space Grey (Renewed)",,4.4 out of 5 stars,"1,238 ratings",In Stock.
"Apple iPhone XR, 64GB, Black - Fully Unlocked (Renewed)",,4.2 out of 5 stars,"13,569 ratings",Only 3 left in stock.
"Apple iPhone 8, Fully Unlocked, 64GB - Gold (Renewed)",,4.1 out of 5 stars,"12,868 ratings",In Stock.
"Apple iPhone XR, 64GB, Red - Fully Unlocked (Renewed)",,4.0 out of 5 stars,"8,194 ratings",Only 6 left in stock.
"Apple iPhone SE, 64GB, White - Fully Unlocked (Renewed)",,4.3 out of 5 stars,"2,022 ratings",Only 5 left in stock.
Apple iPhone 7 - 32GB - GSM Unlocked - Black (Renewed),,4.2 out of 5 stars,90 ratings,Only 3 left in stock.
"Apple iPhone 12 Pro Max, 256GB, Pacific Blue - Unlocked (Renewed)",,4.2 out of 5 stars,"1,473 ratings",Only 3 left in stock.
"Apple iPhone 11, 64GB, Unlocked - Red (Renewed)",,4.3 out of 5 stars,"3,946 ratings",Only 4 left in stock.
"Apple iPhone 11, 64GB, Purple - Fully Unlocked (Renewed)",,4.4 out of 5 stars,"4,874 ratings",Only 4 left in stock.
"Apple iPhone Xs, Fully Unlocked, 64 GB - Space Gray (Renewed)",,4.2 out of 5 stars,"5,380 ratings",In Stock.
"Apple iPhone 11 Pro, US Version, 64GB, Midnight Green - Unlocked (Renewed)",,4.3 out of 5 stars,"2,512 ratings",Only 3 left in stock.
"Apple iPhone SE, 64GB, Red - Fully Unlocked (Renewed)",,4.3 out of 5 stars,"1,957 ratings",Only 4 left in stock.
"Apple iPhone 12 Pro, 128GB, Pacific Blue - Fully Unlocked (Renewed)",,4.2 out of 5 stars,"2,863 ratings",Only 5 left in stock.
"Apple iPhone SE (2nd Generation), US Version, 128GB, Red - Unlocked (Renewed)",,4.4 out of 5 stars,533 ratings,Only 5 left in stock.
"Apple iPhone 8 Plus 5.5"", 64 GB, Fully Unlocked, Red (Refurbished)",,4.3 out of 5 stars,"10,845 ratings",Usually ships within 2 to 3 weeks.
"Apple iPhone Xs, Fully Unlocked, 64 GB - Gold (Renewed)",,4.3 out of 5 stars,"3,640 ratings",Only 4 left in stock.
Apple iPhone 11 64GB - Unlocked - 6.1-inch - White (Renewed),,4.4 out of 5 stars,192 ratings,Only 9 left in stock.
"Apple iPhone 11, 128GB, Purple (Renewed)",,4.3 out of 5 stars,"1,782 ratings",In Stock.
"Apple iPhone 11 Pro Max, 64GB, Space Gray - Fully Unlocked (Renewed)",,4.3 out of 5 stars,"1,630 ratings",Only 4 left in stock.
"Apple iPhone 11 Pro, 256GB, Gold - Fully Unlocked (Renewed)",,4.2 out of 5 stars,965 ratings,In Stock.
"Apple iPhone 11, 128GB, Unlocked - Black (Renewed)",,4.3 out of 5 stars,"3,315 ratings",In Stock.
Apple iPhone 6s a1688 32GB GSM Unlocked (Refurbished),,3.9 out of 5 stars,85 ratings,Only 2 left in stock.
"Apple iPhone XR, US Version, 64GB, White - Unlocked (Renewed)",,4.4 out of 5 stars,"6,643 ratings",In Stock.
"Apple iPhone 11, 64GB, Unlocked - Green (Renewed)",,4.4 out of 5 stars,"1,944 ratings",Only 5 left in stock.
Apple iPhone 7 Plus 32GB (GSM Unlocked) 5.5-inch 12MP iOS Smartphone - Rose Gold (Refurbished),,4.3 out of 5 stars,16 ratings,Only 2 left in stock.
"Apple iPhone Xs Max, Fully Unlocked, 64 GB - Silver (Renewed)",,4.4 out of 5 stars,"6,273 ratings",Only 7 left in stock.
"Apple iPhone 11 Pro, 64GB, Space Gray - Unlocked (Renewed)",,4.2 out of 5 stars,"6,369 ratings",Only 4 left in stock.
"Apple iPhone 13, 128GB, Midnight - Unlocked (Renewed)",,4.4 out of 5 stars,332 ratings,Only 1 left in stock.
"Apple iPhone XR, 128GB, Blue - Fully Unlocked (Renewed)",,4.4 out of 5 stars,"1,105 ratings",Only 8 left in stock.
"Apple iPhone XR, 64GB, Coral - Fully Unlocked (Renewed)",,4.5 out of 5 stars,164 ratings,Only 4 left in stock.
"Moto G Play 2021 (32GB, 3GB) 6.5"" HD, Octa-core Snapdragon 460, All Day Battery, 4G LTE GSM AT&T Unlocked (Telus, Fido, Rogers, Latin) XT2093-7 (w/ 64GB SD, Flash Gray) (Renewed)",,4.2 out of 5 stars,73 ratings,In Stock.
"Apple iPhone X, GSM Unlocked 5.8"", 64 GB - Silver (Refurbished)",,4.0 out of 5 stars,"1,143 ratings",In Stock.
"Apple iPad (9th Generation): with A13 Bionic chip, 10.2-inch Retina Display, 64GB, Wi-Fi, 12MP front/8MP Back Camera, Touch ID, All-Day Battery Life – Space Grey",,4.8 out of 5 stars,"3,241 ratings",In Stock
"Unlocked Smartphone, Ulefone Note 6 Dual Sim Ultra-Slim Lightweight 3G Cell Phone, Android 11, 6.1” HD+ Screen, 1GB+32GB Extension to 128GB, 5MP+2MP, 3300mAh, Face Unlock Cheap Phones- Green",,3.0 out of 5 stars,259 ratings,Only 5 left in stock
"Samsung Galaxy A03s Black 32GB - 6.5"" HD+ Display, 13P+2MP+2MP Triple Rear Camera, Long Lasting 5000mAh Battery, 4G LTE (CAD Version & Warranty)",,3.9 out of 5 stars,622 ratings,In Stock
"Apple iPhone 11 Pro Max, 256GB, Unlocked - Space Gray (Renewed)",,4.3 out of 5 stars,"1,627 ratings",Only 6 left in stock.
"Apple iPhone 11 Pro, US Version, 256GB, Space Gray - Unlocked (Renewed)",,4.2 out of 5 stars,"2,274 ratings",Only 4 left in stock.
Apple iPhone X 64GB Unlocked GSM Phone - Silver (Renewed),,3.0 out of 5 stars,14 ratings,Only 6 left in stock.
"Apple iPhone 11 Pro Max, 512GB, Unlocked - Midnight Green (Renewed)",,4.4 out of 5 stars,"2,059 ratings",Only 1 left in stock.
"Apple iPhone Xs Max, Fully Unlocked, 64 GB - Gold (Renewed)",,4.3 out of 5 stars,"2,494 ratings",Only 10 left in stock.
"Apple iPhone 11, 128GB, Unlocked - Red (Renewed)",,4.3 out of 5 stars,"1,375 ratings",In Stock.
"Apple iPhone XS Max, 512GB, Silver (Renewed)",,4.5 out of 5 stars,229 ratings,In Stock.
"Apple iPhone Xs, Fully Unlocked, 64 GB - Silver (Renewed)",,4.3 out of 5 stars,"2,095 ratings",Only 9 left in stock.
